sku,service,identifier,grade,view_link
2024MYBITS-HAIL-TO-THE-KING-SILVER-1CQzkNZ3un,PCGS,	49423423,MS69,https://www.pcgs.com/cert/49423423
S2CASASCIUS-1-1AgCVM56d4,NGC,2159880-001,PF 70 ULTRA CAMEO,https://www.ngccoin.com/certlookup/2159880-001/70/
BITBILLS-5-15zc4Qpu6o,PCGS,49152953,Genuine (80 - Genuine),https://www.pcgs.com/cert/49152953
BITBILLS-20-1Daz36oMvz,PCGS,46626251,Genuine (80 - Genuine),https://www.pcgs.com/cert/46626251
S2CASASCIUS-1-1AgFq8x1LS,ICG,5012640101,MS-68-PL,https://www.icgcoin.com/load_SNSearch.php?sn=5012640101
2016CI-HALVING-136GFFUj17,ICG,1687220201,MS-67-PL,https://www.icgcoin.com/load_SNSearch.php?sn=1687220201
2017CI-HODL-1B839AXHJY,ANACS,6047924,MS 69,https://portal.anacs.com/Verify/CertVerification.aspx?cert=6047924
S1CASASCIUS-1-17fVpeHjKt,ANACS,5199893,MS 65,https://portal.anacs.com/Verify/CertVerification.aspx?cert=5199893
S1CASASCIUS-1-18JpEJvwMo,ANACS,5199928,MS 65,https://portal.anacs.com/Verify/CertVerification.aspx?cert=5199928
S1CASASCIUS-1-18Q3HCaDB2,ANACS,5199921,MS 66,https://portal.anacs.com/Verify/CertVerification.aspx?cert=5199921
S1CASASCIUS-1-19GCqxrogn,ANACS,5199929,MS 64,https://portal.anacs.com/Verify/CertVerification.aspx?cert=5199929
S1CASASCIUS-1-19GYM8XjDb,ANACS,5199905,MS 67,https://portal.anacs.com/Verify/CertVerification.aspx?cert=5199905
S1CASASCIUS-1-19GxP3Vagr,ANACS,5199923,MS 66,https://portal.anacs.com/Verify/CertVerification.aspx?cert=5199923
S1CASASCIUS-1-19Gzsn4sP1,ANACS,5199911,MS 66,https://portal.anacs.com/Verify/CertVerification.aspx?cert=5199911
S1CASASCIUS-1-19HJR3VHF5,ANACS,5199918,MS 65,https://portal.anacs.com/Verify/CertVerification.aspx?cert=5199918
S1CASASCIUS-1-19HK2oLnnG,ANACS,5199925,MS 66,https://portal.anacs.com/Verify/CertVerification.aspx?cert=5199925
S1CASASCIUS-1-19HgJRUPJ6,ANACS,5199913,MS 65,https://portal.anacs.com/Verify/CertVerification.aspx?cert=5199913
S1CASASCIUS-1-19MXSzwuK4,ANACS,5199910,MS 65,https://portal.anacs.com/Verify/CertVerification.aspx?cert=5199910
S1CASASCIUS-1-19NZNYyAgQ,ANACS,5199919,MS 65,https://portal.anacs.com/Verify/CertVerification.aspx?cert=5199919
S1CASASCIUS-1-19NedbnsvR,ANACS,5199908,MS 65,https://portal.anacs.com/Verify/CertVerification.aspx?cert=5199908
S1CASASCIUS-1-19Nz9y15H7,ANACS,5199920,MS 65,https://portal.anacs.com/Verify/CertVerification.aspx?cert=5199920
S1CASASCIUS-1-19NzR789q6,ANACS,5199904,MS 65,https://portal.anacs.com/Verify/CertVerification.aspx?cert=5199904
S1CASASCIUS-1-19QLX7SX6j,ANACS,5199894,MS 65,https://portal.anacs.com/Verify/CertVerification.aspx?cert=5199894
S1CASASCIUS-1-19gB4nCi8w,ANACS,5199926,MS 66,https://portal.anacs.com/Verify/CertVerification.aspx?cert=5199926
S1CASASCIUS-1-19gGNpeFjz,ANACS,5199907,MS 66,https://portal.anacs.com/Verify/CertVerification.aspx?cert=5199907
S1CASASCIUS-1-19gsvvQrdc,ANACS,5199914,MS 65,https://portal.anacs.com/Verify/CertVerification.aspx?cert=5199914
S1CASASCIUS-1-19guzSV7DM,ANACS,5199922,MS 66,https://portal.anacs.com/Verify/CertVerification.aspx?cert=5199922
S1CASASCIUS-1-19hG1hpjFu,ANACS,5199917,MS 66,https://portal.anacs.com/Verify/CertVerification.aspx?cert=5199917
S1CASASCIUS-1-19hN3LLR6j,ANACS,5199927,MS 65,https://portal.anacs.com/Verify/CertVerification.aspx?cert=5199927
S1CASASCIUS-1-19n411T43E,ANACS,5199912,MS 65,https://portal.anacs.com/Verify/CertVerification.aspx?cert=5199912
S1CASASCIUS-1-19n49X3vk3,ANACS,5199924,MS 65,https://portal.anacs.com/Verify/CertVerification.aspx?cert=5199924
S1CASASCIUS-1-19n7QmB2jz,ANACS,5199909,MS 65,https://portal.anacs.com/Verify/CertVerification.aspx?cert=5199909
S1CASASCIUS-1-19n8U5qe5x,ANACS,5199930,MS 65,https://portal.anacs.com/Verify/CertVerification.aspx?cert=5199930
S1CASASCIUS-1-19n9XDxs7o,ANACS,5199916,MS 65,https://portal.anacs.com/Verify/CertVerification.aspx?cert=5199916
S1CASASCIUS-1-19nPASnhju,ANACS,5199931,MS 65,https://portal.anacs.com/Verify/CertVerification.aspx?cert=5199931
S1CASASCIUS-1-19nQxvtXHE,ANACS,5199906,MS 66,https://portal.anacs.com/Verify/CertVerification.aspx?cert=5199906
S1CASASCIUS-1-19nn52D9AX,ANACS,5199903,MS 66,https://portal.anacs.com/Verify/CertVerification.aspx?cert=5199903
S1CASASCIUS-1-19npYmGtgw,ANACS,5199932,MS 64,https://portal.anacs.com/Verify/CertVerification.aspx?cert=5199932
S1CASASCIUS-1-19otH1nX6u,ANACS,5199915,MS 65,https://portal.anacs.com/Verify/CertVerification.aspx?cert=5199915
S1CASASCIUS-1-19qPu9LHhp,ANACS,5199896,MS 66,https://portal.anacs.com/Verify/CertVerification.aspx?cert=5199896
S1CASASCIUS-1-19r1SK9yKh,ANACS,5199898,MS 67,https://portal.anacs.com/Verify/CertVerification.aspx?cert=5199898
S1CASASCIUS-1-19r8Afs2uB,ANACS,5199902,MS 66,https://portal.anacs.com/Verify/CertVerification.aspx?cert=5199902
S1CASASCIUS-1-19rEUdPXJj,ANACS,5199895,MS 66,https://portal.anacs.com/Verify/CertVerification.aspx?cert=5199895
S1CASASCIUS-5-1BtwEsTBvs,ANACS,5199892,MS 66,https://portal.anacs.com/Verify/CertVerification.aspx?cert=5199892
S1CASASCIUS-1-1DYXqi8rQi,ANACS,5199880,MS 66,https://portal.anacs.com/Verify/CertVerification.aspx?cert=5199880
S1CASASCIUS-1-1DYYx26kaK,ANACS,5199879,MS 66,https://portal.anacs.com/Verify/CertVerification.aspx?cert=5199879
S1CASASCIUS-1-1DZ3i1syGP,ANACS,5199885,MS 66,https://portal.anacs.com/Verify/CertVerification.aspx?cert=5199885
S1CASASCIUS-1-1DcMRahtAW,ANACS,5199900,MS 66,https://portal.anacs.com/Verify/CertVerification.aspx?cert=5199900
S1CASASCIUS-1-1EyC2ZwHgi,ANACS,5199886,MS 66,https://portal.anacs.com/Verify/CertVerification.aspx?cert=5199886
S1CASASCIUS-1-1F2YE9BsuM,ANACS,5199899,MS 66,https://portal.anacs.com/Verify/CertVerification.aspx?cert=5199899
S1CASASCIUS-1-1F9ypxGWnS,ANACS,5199887,MS 66,https://portal.anacs.com/Verify/CertVerification.aspx?cert=5199887
S1CASASCIUS-1-1FEqnRzKwV,ANACS,5199901,MS 66,https://portal.anacs.com/Verify/CertVerification.aspx?cert=5199901
S1CASASCIUS-1-1FPkDercie,ANACS,5199884,MS 66,https://portal.anacs.com/Verify/CertVerification.aspx?cert=5199884
S1CASASCIUS-1-1Fj6XA6MMo,ANACS,5199882,MS 65,https://portal.anacs.com/Verify/CertVerification.aspx?cert=5199882
S1CASASCIUS-1-1FoASRucND,ANACS,5199897,MS 66,https://portal.anacs.com/Verify/CertVerification.aspx?cert=5199897
S1CASASCIUS-1-1FouPJ4Drd,ANACS,5199890,MS 66,https://portal.anacs.com/Verify/CertVerification.aspx?cert=5199890
S1CASASCIUS-1-1FpaqKNFy5,ANACS,5199889,MS 66,https://portal.anacs.com/Verify/CertVerification.aspx?cert=5199889
S1CASASCIUS-1-1Fpy2BYpr6,ANACS,5199888,MS 66,https://portal.anacs.com/Verify/CertVerification.aspx?cert=5199888
2013LEALANA-SILVER-0-25-1BTCTCjgkk,ANACS,4701028,MS 69,https://portal.anacs.com/Verify/CertVerification.aspx?cert=4701028
